numero_pokemon,nombre_imagen,color_dominante,pixeles_transparentes,pixeles_color
1,pokemon_1.png,#399494,8370,846
2,pokemon_2.png,#209483,7538,1678
3,pokemon_3.png,#20b49c,5276,3940
4,pokemon_4.png,#ff9441,8396,820
5,pokemon_5.png,#cd3939,7874,1342
6,pokemon_6.png,#ee8329,5628,3588
7,pokemon_7.png,#5a9ca4,8358,858
8,pokemon_8.png,#8bacf6,7365,1851
9,pokemon_9.png,#5a8bcd,6611,2605
10,pokemon_10.png,#31ac41,8565,651
11,pokemon_11.png,#6a8b5a,8602,614
12,pokemon_12.png,#eeeeff,7346,1870
13,pokemon_13.png,#cd7310,8687,529
14,pokemon_14.png,#cd9c10,8609,607
15,pokemon_15.png,#ffffff,7427,1789
16,pokemon_16.png,#a4625a,8460,756
17,pokemon_17.png,#ffe68b,6770,2446
18,pokemon_18.png,#e6b462,6893,2323
19,pokemon_19.png,#b473bd,8501,715
20,pokemon_20.png,#a47329,7613,1603
21,pokemon_21.png,#000000,8496,720
22,pokemon_22.png,#b47320,6496,2720
23,pokemon_23.png,#cd62b4,8173,1043
24,pokemon_24.png,#a483c5,6867,2349
25,pokemon_25.png,#f6e652,8211,1005
26,pokemon_26.png,#f6ac29,7557,1659
27,pokemon_27.png,#cdb400,8381,835
28,pokemon_28.png,#8b6218,7699,1517
29,pokemon_29.png,#d5d5ff,8437,779
30,pokemon_30.png,#8bc5cd,7972,1244
31,pokemon_31.png,#628bac,6595,2621
32,pokemon_32.png,#bd62c5,8391,825
33,pokemon_33.png,#945ab4,7651,1565
34,pokemon_34.png,#a45294,6276,2940
35,pokemon_35.png,#ffd5bd,8029,1187
36,pokemon_36.png,#ffc5b4,7348,1868
37,pokemon_37.png,#e6946a,7762,1454
38,pokemon_38.png,#e6c552,5757,3459
39,pokemon_39.png,#ffaca4,8354,862
40,pokemon_40.png,#ffffff,7736,1480
41,pokemon_41.png,#8bb4ee,8270,946
42,pokemon_42.png,#ac52ac,7113,2103
43,pokemon_43.png,#8bac31,8557,659
44,pokemon_44.png,#4a6a7b,7978,1238
45,pokemon_45.png,#de4a5a,7464,1752
46,pokemon_46.png,#ffac62,8307,909
47,pokemon_47.png,#ee3131,7482,1734
48,pokemon_48.png,#8b6aa4,7849,1367
49,pokemon_49.png,#f6deff,7309,1907
50,pokemon_50.png,#b4ac73,8650,566
51,pokemon_51.png,#c57341,8024,1192
52,pokemon_52.png,#101010,8072,1144
53,pokemon_53.png,#deb46a,7463,1753
54,pokemon_54.png,#ffd54a,8156,1060
55,pokemon_55.png,#8bacd5,7725,1491
56,pokemon_56.png,#d5ac9c,7982,1234
57,pokemon_57.png,#e6bd9c,7443,1773
58,pokemon_58.png,#fff6a4,7920,1296
59,pokemon_59.png,#d5a48b,6183,3033
60,pokemon_60.png,#101010,8339,877
61,pokemon_61.png,#ffffff,7631,1585
62,pokemon_62.png,#395a83,6849,2367
63,pokemon_63.png,#ffe629,8198,1018
64,pokemon_64.png,#d5bd08,7127,2089
65,pokemon_65.png,#101010,6891,2325
66,pokemon_66.png,#94bdbd,8096,1120
67,pokemon_67.png,#bd9ce6,7217,1999
68,pokemon_68.png,#838b94,6679,2537
69,pokemon_69.png,#5a3900,8537,679
70,pokemon_70.png,#6ac552,7886,1330
71,pokemon_71.png,#4aa47b,7128,2088
72,pokemon_72.png,#6ab4e6,8110,1106
73,pokemon_73.png,#101010,7183,2033
74,pokemon_74.png,#9c9483,8352,864
75,pokemon_75.png,#b4b49c,7500,1716
76,pokemon_76.png,#101010,7050,2166
77,pokemon_77.png,#e65a29,7855,1361
78,pokemon_78.png,#ff9c18,6579,2637
79,pokemon_79.png,#de627b,7771,1445
80,pokemon_80.png,#e66a7b,7011,2205
81,pokemon_81.png,#8bb4a4,8787,429
82,pokemon_82.png,#393131,7610,1606
83,pokemon_83.png,#101010,7969,1247
84,pokemon_84.png,#946a5a,8204,1012
85,pokemon_85.png,#000000,7377,1839
86,pokemon_86.png,#d5cdee,7885,1331
87,pokemon_87.png,#e6e6f6,6861,2355
88,pokemon_88.png,#944a9c,8049,1167
89,pokemon_89.png,#bd7bbd,6477,2739
90,pokemon_90.png,#9c8bc5,8405,811
91,pokemon_91.png,#7b5283,7037,2179
92,pokemon_92.png,#d5accd,7459,1757
93,pokemon_93.png,#835a6a,7500,1716
94,pokemon_94.png,#9473b4,7282,1934
95,pokemon_95.png,#837b7b,6507,2709
96,pokemon_96.png,#f6de00,7555,1661
97,pokemon_97.png,#f6de00,7347,1869
98,pokemon_98.png,#de524a,8181,1035
99,pokemon_99.png,#c56a5a,6964,2252
100,pokemon_100.png,#ff5220,8528,688
101,pokemon_101.png,#eeeeee,7628,1588
102,pokemon_102.png,#ffd5ac,7778,1438
103,pokemon_103.png,#101010,7058,2158
104,pokemon_104.png,#946a5a,8354,862
105,pokemon_105.png,#946a52,7984,1232
106,pokemon_106.png,#cda483,7833,1383
107,pokemon_107.png,#101010,8177,1039
108,pokemon_108.png,#ee736a,7094,2122
109,pokemon_109.png,#eed56a,7574,1642
110,pokemon_110.png,#bd8bcd,6425,2791
111,pokemon_111.png,#8383ac,6949,2267
112,pokemon_112.png,#8b8b94,6654,2562
113,pokemon_113.png,#ffd5d5,7745,1471
114,pokemon_114.png,#417b94,7920,1296
115,pokemon_115.png,#9c7b73,6426,2790
116,pokemon_116.png,#6a94b4,8628,588
117,pokemon_117.png,#6a839c,7992,1224
118,pokemon_118.png,#ffffff,7903,1313
119,pokemon_119.png,#f6f6ff,7257,1959
120,pokemon_120.png,#9c6a39,8381,835
121,pokemon_121.png,#5a529c,7518,1698
122,pokemon_122.png,#101010,7868,1348
123,pokemon_123.png,#8bcd73,7798,1418
124,pokemon_124.png,#f6315a,7209,2007
125,pokemon_125.png,#c5a410,7413,1803
126,pokemon_126.png,#ff4a31,7356,1860
127,pokemon_127.png,#c5ac8b,7362,1854
128,pokemon_128.png,#dea44a,7390,1826
129,pokemon_129.png,#f66218,7960,1256
130,pokemon_130.png,#208bac,5861,3355
131,pokemon_131.png,#397ba4,7064,2152
132,pokemon_132.png,#c57be6,8469,747
133,pokemon_133.png,#a4624a,8204,1012
134,pokemon_134.png,#5ac5e6,7799,1417
135,pokemon_135.png,#000000,8011,1205
136,pokemon_136.png,#ffeea4,7544,1672
137,pokemon_137.png,#0883a4,8343,873
138,pokemon_138.png,#9c836a,8363,853
139,pokemon_139.png,#399ccd,7767,1449
140,pokemon_140.png,#000000,8496,720
141,pokemon_141.png,#000000,7656,1560
142,pokemon_142.png,#9483a4,7068,2148
143,pokemon_143.png,#f6e6bd,6326,2890
144,pokemon_144.png,#6aacf6,6190,3026
145,pokemon_145.png,#d5ac08,6623,2593
146,pokemon_146.png,#ee6239,6951,2265
147,pokemon_147.png,#ffffff,8437,779
148,pokemon_148.png,#5a8bee,7661,1555
149,pokemon_149.png,#de7339,6469,2747
150,pokemon_150.png,#ded5e6,7497,1719
151,pokemon_151.png,#ffb4d5,8468,748
152,pokemon_152.png,#d5f68b,8313,903
153,pokemon_153.png,#f6e64a,7692,1524
154,pokemon_154.png,#9ce652,6770,2446
155,pokemon_155.png,#de0000,8313,903
156,pokemon_156.png,#ff5a00,7669,1547
157,pokemon_157.png,#ffee94,6920,2296
158,pokemon_158.png,#6ab4e6,8454,762
159,pokemon_159.png,#5aace6,7858,1358
160,pokemon_160.png,#5ab4f6,6539,2677
161,pokemon_161.png,#bd835a,8196,1020
162,pokemon_162.png,#ffee94,7727,1489
163,pokemon_163.png,#101010,8335,881
164,pokemon_164.png,#7b5a4a,7674,1542
165,pokemon_165.png,#101010,8101,1115
166,pokemon_166.png,#101010,7880,1336
167,pokemon_167.png,#101010,8557,659
168,pokemon_168.png,#000000,7972,1244
169,pokemon_169.png,#a45acd,7738,1478
170,pokemon_170.png,#ffcd52,8319,897
171,pokemon_171.png,#6294e6,7786,1430
172,pokemon_172.png,#f6e652,8651,565
173,pokemon_173.png,#ffa494,8713,503
174,pokemon_174.png,#ffacbd,8711,505
175,pokemon_175.png,#f6d5a4,8727,489
176,pokemon_176.png,#ffffff,8505,711
177,pokemon_177.png,#73bd41,8665,551
178,pokemon_178.png,#101010,8183,1033
179,pokemon_179.png,#ffe6bd,8137,1079
180,pokemon_180.png,#ffa4a4,8094,1122
181,pokemon_181.png,#ffee4a,7843,1373
182,pokemon_182.png,#101010,8349,867
183,pokemon_183.png,#5a9cee,8369,847
184,pokemon_184.png,#5a9cee,7772,1444
185,pokemon_185.png,#c5a44a,8178,1038
186,pokemon_186.png,#8bcd18,7894,1322
187,pokemon_187.png,#ff7b94,8455,761
188,pokemon_188.png,#62d531,8469,747
189,pokemon_189.png,#739cff,7831,1385
190,pokemon_190.png,#000000,8346,870
191,pokemon_191.png,#ffff00,8741,475
192,pokemon_192.png,#101010,8174,1042
193,pokemon_193.png,#e6ffff,7810,1406
194,pokemon_194.png,#397bc5,8562,654
195,pokemon_195.png,#629cbd,7476,1740
196,pokemon_196.png,#e6a4d5,8224,992
197,pokemon_197.png,#414152,8283,933
198,pokemon_198.png,#314162,8365,851
199,pokemon_199.png,#ee736a,7369,1847
200,pokemon_200.png,#314a62,8161,1055
201,pokemon_201.png,#737373,8842,374
202,pokemon_202.png,#3194ee,7770,1446
203,pokemon_203.png,#eede52,7646,1570
204,pokemon_204.png,#294a7b,8258,958
205,pokemon_205.png,#101010,7387,1829
206,pokemon_206.png,#f6e67b,8284,932
207,pokemon_207.png,#ac6294,7468,1748
208,pokemon_208.png,#4a628b,5878,3338
209,pokemon_209.png,#ffacb4,8268,948
210,pokemon_210.png,#ac83ac,7575,1641
211,pokemon_211.png,#a4ac6a,8381,835
212,pokemon_212.png,#a42929,7121,2095
213,pokemon_213.png,#101010,8328,888
214,pokemon_214.png,#6a94c5,7751,1465
215,pokemon_215.png,#3994ac,8091,1125
216,pokemon_216.png,#b46220,8550,666
217,pokemon_217.png,#945220,6732,2484
218,pokemon_218.png,#cd3918,8445,771
219,pokemon_219.png,#de5a20,7378,1838
220,pokemon_220.png,#cd9c7b,8670,546
221,pokemon_221.png,#ac835a,7310,1906
222,pokemon_222.png,#ffa4c5,8274,942
223,pokemon_223.png,#b4ded5,8553,663
224,pokemon_224.png,#a43110,7976,1240
225,pokemon_225.png,#ffffff,7884,1332
226,pokemon_226.png,#ac9cc5,7555,1661
227,pokemon_227.png,#101010,7309,1907
228,pokemon_228.png,#292931,8325,891
229,pokemon_229.png,#000000,7478,1738
230,pokemon_230.png,#629ccd,7698,1518
231,pokemon_231.png,#acd5ee,8461,755
232,pokemon_232.png,#4a5252,6899,2317
233,pokemon_233.png,#ee5a62,8613,603
234,pokemon_234.png,#e6b45a,7697,1519
235,pokemon_235.png,#dedebd,8020,1196
236,pokemon_236.png,#eec5ff,8583,633
237,pokemon_237.png,#bda452,7876,1340
238,pokemon_238.png,#000000,8618,598
239,pokemon_239.png,#ffcd31,8298,918
240,pokemon_240.png,#d55239,8510,706
241,pokemon_241.png,#d58b83,7835,1381
242,pokemon_242.png,#ffacc5,7310,1906
243,pokemon_243.png,#ffcd41,6596,2620
244,pokemon_244.png,#cda462,6456,2760
245,pokemon_245.png,#7bbdff,6460,2756
246,pokemon_246.png,#accd9c,8436,780
247,pokemon_247.png,#739cc5,8236,980
248,pokemon_248.png,#accd9c,6556,2660
249,pokemon_249.png,#d5e6f6,5898,3318
250,pokemon_250.png,#101010,5194,4022
251,pokemon_251.png,#ffffde,8615,601
252,pokemon_252.png,#000000,8370,846
253,pokemon_253.png,#000000,7670,1546
254,pokemon_254.png,#83cd6a,7090,2126
255,pokemon_255.png,#ff8b31,8614,602
256,pokemon_256.png,#eebd4a,7872,1344
257,pokemon_257.png,#bd4141,7083,2133
258,pokemon_258.png,#41a4de,8358,858
259,pokemon_259.png,#4ab4ac,7828,1388
260,pokemon_260.png,#524a52,6505,2711
261,pokemon_261.png,#a4a4a4,8227,989
262,pokemon_262.png,#313131,7209,2007
263,pokemon_263.png,#947b6a,7847,1369
264,pokemon_264.png,#decdbd,7735,1481
265,pokemon_265.png,#d52952,8431,785
266,pokemon_266.png,#eeeee6,8302,914
267,pokemon_267.png,#6a6262,7702,1514
268,pokemon_268.png,#eed5ee,8314,902
269,pokemon_269.png,#739452,7730,1486
270,pokemon_270.png,#62b46a,8410,806
271,pokemon_271.png,#6a8b39,8060,1156
272,pokemon_272.png,#9cc562,6537,2679
273,pokemon_273.png,#000000,8584,632
274,pokemon_274.png,#947362,8043,1173
275,pokemon_275.png,#9c6a4a,6474,2742
276,pokemon_276.png,#314a7b,8378,838
277,pokemon_277.png,#294162,7474,1742
278,pokemon_278.png,#ffffff,8569,647
279,pokemon_279.png,#ffde4a,7107,2109
280,pokemon_280.png,#101010,8613,603
281,pokemon_281.png,#101010,8238,978
282,pokemon_282.png,#eeeeff,7345,1871
283,pokemon_283.png,#000000,8754,462
284,pokemon_284.png,#c5cde6,7665,1551
285,pokemon_285.png,#eed5b4,8467,749
286,pokemon_286.png,#000000,7727,1489
287,pokemon_287.png,#decdbd,8263,953
288,pokemon_288.png,#d5d5d5,7453,1763
289,pokemon_289.png,#a4836a,6166,3050
290,pokemon_290.png,#ffffee,8515,701
291,pokemon_291.png,#ffffff,7878,1338
292,pokemon_292.png,#b4945a,8165,1051
293,pokemon_293.png,#eeace6,8308,908
294,pokemon_294.png,#000000,7121,2095
295,pokemon_295.png,#a4a4de,6298,2918
296,pokemon_296.png,#ffde6a,7752,1464
297,pokemon_297.png,#b46a52,5869,3347
298,pokemon_298.png,#4a7be6,8202,1014
299,pokemon_299.png,#627bbd,7865,1351
300,pokemon_300.png,#d55a7b,8336,880
301,pokemon_301.png,#000000,7916,1300
302,pokemon_302.png,#5a4a94,8326,890
303,pokemon_303.png,#000000,7744,1472
304,pokemon_304.png,#ffffff,8564,652
305,pokemon_305.png,#c5cdd5,7341,1875
306,pokemon_306.png,#000000,6112,3104
307,pokemon_307.png,#e6dede,8348,868
308,pokemon_308.png,#101010,8089,1127
309,pokemon_309.png,#629c62,8087,1129
310,pokemon_310.png,#c5ac5a,7404,1812
311,pokemon_311.png,#de4a41,8537,679
312,pokemon_312.png,#ffeeb4,8574,642
313,pokemon_313.png,#101010,8006,1210
314,pokemon_314.png,#101010,8160,1056
315,pokemon_315.png,#000000,8144,1072
316,pokemon_316.png,#a4de94,8537,679
317,pokemon_317.png,#ac83ee,6958,2258
318,pokemon_318.png,#101010,8163,1053
319,pokemon_319.png,#395294,7542,1674
320,pokemon_320.png,#4a83b4,7039,2177
321,pokemon_321.png,#eee6ff,5050,4166
322,pokemon_322.png,#deb44a,7989,1227
323,pokemon_323.png,#ee6a4a,6317,2899
324,pokemon_324.png,#bdaca4,6502,2714
325,pokemon_325.png,#a4a4ac,8442,774
326,pokemon_326.png,#4a4a52,7261,1955
327,pokemon_327.png,#e6d5a4,8155,1061
328,pokemon_328.png,#ee7341,8237,979
329,pokemon_329.png,#000000,7899,1317
330,pokemon_330.png,#b4de73,6970,2246
331,pokemon_331.png,#101010,8149,1067
332,pokemon_332.png,#a4d573,7329,1887
333,pokemon_333.png,#ffffff,8004,1212
334,pokemon_334.png,#cdcde6,7438,1778
335,pokemon_335.png,#cddef6,7520,1696
336,pokemon_336.png,#394152,6818,2398
337,pokemon_337.png,#b4a452,7891,1325
338,pokemon_338.png,#101010,7639,1577
339,pokemon_339.png,#000000,8589,627
340,pokemon_340.png,#394a9c,7319,1897
341,pokemon_341.png,#101010,7937,1279
342,pokemon_342.png,#cd3131,7184,2032
343,pokemon_343.png,#c5c562,8597,619
344,pokemon_344.png,#4a4139,6827,2389
345,pokemon_345.png,#83395a,7923,1293
346,pokemon_346.png,#7bc573,7063,2153
347,pokemon_347.png,#101010,8222,994
348,pokemon_348.png,#101010,6540,2676
349,pokemon_349.png,#000000,8300,916
350,pokemon_350.png,#ffe6b4,6189,3027
351,pokemon_351.png,#e6dede,8698,518
352,pokemon_352.png,#5a9473,7978,1238
353,pokemon_353.png,#625a8b,8412,804
354,pokemon_354.png,#5a5262,7833,1383
355,pokemon_355.png,#4a4a41,8312,904
356,pokemon_356.png,#62625a,7009,2207
357,pokemon_357.png,#398b4a,5504,3712
358,pokemon_358.png,#c5e6ff,8512,704
359,pokemon_359.png,#b4b4d5,7698,1518
360,pokemon_360.png,#6abdde,8389,827
361,pokemon_361.png,#eec56a,8483,733
362,pokemon_362.png,#000000,7028,2188
363,pokemon_363.png,#f6e6bd,8351,865
364,pokemon_364.png,#5a94de,7576,1640
365,pokemon_365.png,#83b4e6,6547,2669
366,pokemon_366.png,#101010,8027,1189
367,pokemon_367.png,#4a9cbd,7062,2154
368,pokemon_368.png,#f68bc5,7881,1335
369,pokemon_369.png,#cdb494,7835,1381
370,pokemon_370.png,#e6739c,8681,535
371,pokemon_371.png,#62ace6,8302,914
372,pokemon_372.png,#d5d5d5,7691,1525
373,pokemon_373.png,#a4394a,5721,3495
374,pokemon_374.png,#4a6aa4,8388,828
375,pokemon_375.png,#41628b,7254,1962
376,pokemon_376.png,#416294,6859,2357
377,pokemon_377.png,#948b73,6176,3040
378,pokemon_378.png,#6ab4d5,6467,2749
379,pokemon_379.png,#b4acac,6660,2556
380,pokemon_380.png,#cdcdee,7613,1603
381,pokemon_381.png,#4a62b4,7193,2023
382,pokemon_382.png,#3962b4,6141,3075
383,pokemon_383.png,#000000,5775,3441
384,pokemon_384.png,#4a8373,6260,2956
385,pokemon_385.png,#e6bd52,8185,1031
386,pokemon_386.png,#bd6a6a,7153,2063
387,pokemon_387.png,#bdcd83,8468,748
388,pokemon_388.png,#62b46a,6848,2368
389,pokemon_389.png,#41ac41,5661,3555
390,pokemon_390.png,#ffe6ac,8452,764
391,pokemon_391.png,#d58b29,7855,1361
392,pokemon_392.png,#e63941,7343,1873
393,pokemon_393.png,#318bd5,8610,606
394,pokemon_394.png,#205a94,7771,1445
395,pokemon_395.png,#102041,6695,2521
396,pokemon_396.png,#524a4a,8449,767
397,pokemon_397.png,#5a525a,8145,1071
398,pokemon_398.png,#5a525a,7399,1817
399,pokemon_399.png,#c58b41,8072,1144
400,pokemon_400.png,#bd834a,6895,2321
401,pokemon_401.png,#101010,8260,956
402,pokemon_402.png,#de5a52,7802,1414
403,pokemon_403.png,#7bacf6,8312,904
404,pokemon_404.png,#4a4a62,7847,1369
405,pokemon_405.png,#4a4a62,7259,1957
406,pokemon_406.png,#7bd55a,8582,634
407,pokemon_407.png,#ffffff,7542,1674
408,pokemon_408.png,#4a83bd,8070,1146
409,pokemon_409.png,#83837b,6909,2307
410,pokemon_410.png,#62626a,8292,924
411,pokemon_411.png,#62626a,6661,2555
412,pokemon_412.png,#527341,8654,562
413,pokemon_413.png,#527341,8383,833
414,pokemon_414.png,#f6d57b,7519,1697
415,pokemon_415.png,#ffc500,8283,933
416,pokemon_416.png,#101010,7382,1834
417,pokemon_417.png,#f6f6f6,8048,1168
418,pokemon_418.png,#ee7b18,8336,880
419,pokemon_419.png,#f6f6b4,7262,1954
420,pokemon_420.png,#de6283,8639,577
421,pokemon_421.png,#6a417b,8231,985
422,pokemon_422.png,#ff8bc5,8555,661
423,pokemon_423.png,#6a4a39,7832,1384
424,pokemon_424.png,#101010,7173,2043
425,pokemon_425.png,#946ae6,8480,736
426,pokemon_426.png,#8352ac,7461,1755
427,pokemon_427.png,#b47b4a,8331,885
428,pokemon_428.png,#eedea4,7435,1781
429,pokemon_429.png,#6a4a94,7613,1603
430,pokemon_430.png,#39395a,7579,1637
431,pokemon_431.png,#8b9cbd,7849,1367
432,pokemon_432.png,#8394b4,7187,2029
433,pokemon_433.png,#ffd55a,8653,563
434,pokemon_434.png,#6a528b,8125,1091
435,pokemon_435.png,#6a528b,6879,2337
436,pokemon_436.png,#185a7b,8414,802
437,pokemon_437.png,#207383,6877,2339
438,pokemon_438.png,#ac835a,8373,843
439,pokemon_439.png,#ffc5d5,8285,931
440,pokemon_440.png,#ffc5d5,8529,687
441,pokemon_441.png,#41414a,8463,753
442,pokemon_442.png,#a4529c,7308,1908
443,pokemon_443.png,#5294ac,7912,1304
444,pokemon_444.png,#394a8b,7453,1763
445,pokemon_445.png,#5a62ac,6368,2848
446,pokemon_446.png,#317b9c,8165,1051
447,pokemon_447.png,#101010,8362,854
448,pokemon_448.png,#5a5a5a,7988,1228
449,pokemon_449.png,#e6cd7b,7662,1554
450,pokemon_450.png,#eed594,6153,3063
451,pokemon_451.png,#6a6ab4,7983,1233
452,pokemon_452.png,#4a3162,6203,3013
453,pokemon_453.png,#6a73d5,8259,957
454,pokemon_454.png,#6a73d5,7532,1684
455,pokemon_455.png,#101010,7204,2012
456,pokemon_456.png,#31415a,8529,687
457,pokemon_457.png,#31415a,7668,1548
458,pokemon_458.png,#1052ac,7865,1351
459,pokemon_459.png,#ffffff,7531,1685
460,pokemon_460.png,#ffffff,6210,3006
461,pokemon_461.png,#c52973,7565,1651
462,pokemon_462.png,#6a739c,7175,2041
463,pokemon_463.png,#e67394,6984,2232
464,pokemon_464.png,#7b6a7b,5633,3583
465,pokemon_465.png,#3973ac,5962,3254
466,pokemon_466.png,#ffde20,6248,2968
467,pokemon_467.png,#ffc539,6282,2934
468,pokemon_468.png,#bdc5de,7580,1636
469,pokemon_469.png,#f65a52,7372,1844
470,pokemon_470.png,#eed59c,7949,1267
471,pokemon_471.png,#94e6ee,7914,1302
472,pokemon_472.png,#9c8bee,6876,2340
473,pokemon_473.png,#9c6a4a,5554,3662
474,pokemon_474.png,#4a9cd5,8473,743
475,pokemon_475.png,#c5cdde,7892,1324
476,pokemon_476.png,#e65a62,6654,2562
477,pokemon_477.png,#413939,6948,2268
478,pokemon_478.png,#ffffff,8061,1155
479,pokemon_479.png,#5ac5bd,8403,813
480,pokemon_480.png,#f6c573,8325,891
481,pokemon_481.png,#ee73ac,8102,1114
482,pokemon_482.png,#949cc5,8345,871
483,pokemon_483.png,#20416a,5832,3384
484,pokemon_484.png,#eee6ff,5868,3348
485,pokemon_485.png,#c5c5c5,6823,2393
486,pokemon_486.png,#c59c52,5708,3508
487,pokemon_487.png,#39394a,5299,3917
488,pokemon_488.png,#c55a9c,7227,1989
489,pokemon_489.png,#6ac5f6,8375,841
490,pokemon_490.png,#6ac5f6,8392,824
491,pokemon_491.png,#313131,7276,1940
492,pokemon_492.png,#acde62,8506,710
493,pokemon_493.png,#e6e6ee,6890,2326
494,pokemon_494.png,#ffe6ac,8189,1027
495,pokemon_495.png,#00b400,8504,712
496,pokemon_496.png,#fff6bd,8225,991
497,pokemon_497.png,#189c4a,6633,2583
498,pokemon_498.png,#ee8339,8536,680
499,pokemon_499.png,#ee7329,7442,1774
500,pokemon_500.png,#313131,5683,3533
501,pokemon_501.png,#ffffff,8528,688
502,pokemon_502.png,#000000,8156,1060
503,pokemon_503.png,#205a9c,6356,2860
504,pokemon_504.png,#7b524a,8230,986
505,pokemon_505.png,#943939,7945,1271
506,pokemon_506.png,#eecd94,8305,911
507,pokemon_507.png,#4a4a6a,7754,1462
508,pokemon_508.png,#ffe6ac,6320,2896
509,pokemon_509.png,#7b527b,8261,955
510,pokemon_510.png,#836294,7641,1575
511,pokemon_511.png,#18a452,8238,978
512,pokemon_512.png,#18a452,7202,2014
513,pokemon_513.png,#e65241,8239,977
514,pokemon_514.png,#e65241,7189,2027
515,pokemon_515.png,#29b4de,8186,1030
516,pokemon_516.png,#29b4de,7413,1803
517,pokemon_517.png,#ffc5cd,8487,729
518,pokemon_518.png,#de7bbd,6995,2221
519,pokemon_519.png,#a4a4a4,8542,674
520,pokemon_520.png,#4a4a4a,8170,1046
521,pokemon_521.png,#414152,7450,1766
522,pokemon_522.png,#525252,8004,1212
523,pokemon_523.png,#394141,7300,1916
524,pokemon_524.png,#000000,8757,459
525,pokemon_525.png,#41528b,7589,1627
526,pokemon_526.png,#41528b,6283,2933
527,pokemon_527.png,#101010,8233,983
528,pokemon_528.png,#4a4a52,7222,1994
529,pokemon_529.png,#313131,7731,1485
530,pokemon_530.png,#5a4a41,6456,2760
531,pokemon_531.png,#de8b94,7711,1505
532,pokemon_532.png,#c5bdac,8150,1066
533,pokemon_533.png,#c5bdac,7126,2090
534,pokemon_534.png,#8b8b83,5884,3332
535,pokemon_535.png,#ffdebd,8633,583
536,pokemon_536.png,#626262,7921,1295
537,pokemon_537.png,#0894d5,6469,2747
538,pokemon_538.png,#eee6d5,7342,1874
539,pokemon_539.png,#b4f6ee,7475,1741
540,pokemon_540.png,#94cd08,8552,664
541,pokemon_541.png,#94cd08,8231,985
542,pokemon_542.png,#000000,7979,1237
543,pokemon_543.png,#bd3152,8273,943
544,pokemon_544.png,#83739c,7801,1415
545,pokemon_545.png,#9c1041,6604,2612
546,pokemon_546.png,#dee6ee,8347,869
547,pokemon_547.png,#e6decd,7046,2170
548,pokemon_548.png,#c5ee7b,8471,745
549,pokemon_549.png,#c5ee7b,7093,2123
550,pokemon_550.png,#41a452,8258,958
551,pokemon_551.png,#c59c5a,8476,740
552,pokemon_552.png,#c59c5a,7710,1506
553,pokemon_553.png,#8b3141,6031,3185
554,pokemon_554.png,#cd3131,8410,806
555,pokemon_555.png,#ac2018,7369,1847
556,pokemon_556.png,#5ad56a,7376,1840
557,pokemon_557.png,#a49c8b,8329,887
558,pokemon_558.png,#8b6a4a,5964,3252
559,pokemon_559.png,#202020,8532,684
560,pokemon_560.png,#202020,7826,1390
561,pokemon_561.png,#101010,6922,2294
562,pokemon_562.png,#525252,8467,749
563,pokemon_563.png,#393941,6253,2963
564,pokemon_564.png,#4a9cde,8121,1095
565,pokemon_565.png,#4a94d5,6855,2361
566,pokemon_566.png,#000000,8095,1121
567,pokemon_567.png,#3183f6,6708,2508
568,pokemon_568.png,#296a4a,8483,733
569,pokemon_569.png,#a48b73,5859,3357
570,pokemon_570.png,#5a5a73,8141,1075
571,pokemon_571.png,#202031,7163,2053
572,pokemon_572.png,#bdb4a4,7665,1551
573,pokemon_573.png,#bdac9c,7011,2205
574,pokemon_574.png,#181818,8576,640
575,pokemon_575.png,#414141,8042,1174
576,pokemon_576.png,#525252,7198,2018
577,pokemon_577.png,#5ab47b,8584,632
578,pokemon_578.png,#5ab47b,7852,1364
579,pokemon_579.png,#5ab47b,6961,2255
580,pokemon_580.png,#94def6,8629,587
581,pokemon_581.png,#ffffff,7717,1499
582,pokemon_582.png,#ffffff,8656,560
583,pokemon_583.png,#ffffff,8159,1057
584,pokemon_584.png,#ffffff,7277,1939
585,pokemon_585.png,#f6eec5,8441,775
586,pokemon_586.png,#7b5a31,7798,1418
587,pokemon_587.png,#ffffff,8016,1200
588,pokemon_588.png,#316aff,8533,683
589,pokemon_589.png,#c5c5c5,7007,2209
590,pokemon_590.png,#fff6e6,8635,581
591,pokemon_591.png,#cdc5c5,7074,2142
592,pokemon_592.png,#83d5ff,7684,1532
593,pokemon_593.png,#d5e6ff,6448,2768
594,pokemon_594.png,#ffbdbd,7582,1634
595,pokemon_595.png,#f6de41,8424,792
596,pokemon_596.png,#ffde52,7510,1706
597,pokemon_597.png,#b4bdbd,8569,647
598,pokemon_598.png,#b4bdbd,7493,1723
599,pokemon_599.png,#d5deee,8360,856
600,pokemon_600.png,#a4a4ac,7298,1918
601,pokemon_601.png,#d5deee,6799,2417
602,pokemon_602.png,#eeffff,8792,424
603,pokemon_603.png,#205a62,7707,1509
604,pokemon_604.png,#206273,6419,2797
605,pokemon_605.png,#a4cdbd,8398,818
606,pokemon_606.png,#de9c7b,7867,1349
607,pokemon_607.png,#cdc5cd,8562,654
608,pokemon_608.png,#000000,8277,939
609,pokemon_609.png,#313131,7821,1395
610,pokemon_610.png,#94a45a,8400,816
611,pokemon_611.png,#737373,7464,1752
612,pokemon_612.png,#a4ac18,6596,2620
613,pokemon_613.png,#94d5ee,8506,710
614,pokemon_614.png,#def6ff,6522,2694
615,pokemon_615.png,#5262c5,6472,2744
616,pokemon_616.png,#c5c5d5,8305,911
617,pokemon_617.png,#6a83c5,7677,1539
618,pokemon_618.png,#d59c83,7979,1237
619,pokemon_619.png,#f6f68b,8332,884
620,pokemon_620.png,#e6d5d5,7685,1531
621,pokemon_621.png,#104a8b,6496,2720
622,pokemon_622.png,#83cdcd,7353,1863
623,pokemon_623.png,#83c5cd,5609,3607
624,pokemon_624.png,#000000,8272,944
625,pokemon_625.png,#dedede,7617,1599
626,pokemon_626.png,#4a4131,7125,2091
627,pokemon_627.png,#f6eed5,8201,1015
628,pokemon_628.png,#525273,5774,3442
629,pokemon_629.png,#101010,7849,1367
630,pokemon_630.png,#101010,7047,2169
631,pokemon_631.png,#a48b73,7025,2191
632,pokemon_632.png,#181820,8325,891
633,pokemon_633.png,#525252,8300,916
634,pokemon_634.png,#525252,7434,1782
635,pokemon_635.png,#525252,6391,2825
636,pokemon_636.png,#ffffff,8174,1042
637,pokemon_637.png,#ee7318,6522,2694
638,pokemon_638.png,#18acb4,7224,1992
639,pokemon_639.png,#b4acac,6330,2886
640,pokemon_640.png,#9ccd52,7644,1572
641,pokemon_641.png,#101010,6442,2774
642,pokemon_642.png,#ffffff,6373,2843
643,pokemon_643.png,#ffffff,4700,4516
644,pokemon_644.png,#313139,4904,4312
645,pokemon_645.png,#ffffff,6065,3151
646,pokemon_646.png,#bde6ff,6409,2807
647,pokemon_647.png,#202020,7747,1469
648,pokemon_648.png,#cdf69c,8211,1005
649,pokemon_649.png,#9c5ac5,7196,2020
650,pokemon_650.png,#a6d941,8347,869
651,pokemon_651.png,#a6d941,7650,1566
652,pokemon_652.png,#f7dbaa,5914,3302
653,pokemon_653.png,#ffd659,8146,1070
654,pokemon_654.png,#ffd659,7633,1583
655,pokemon_655.png,#893027,5894,3322
656,pokemon_656.png,#4ca3bf,8453,763
657,pokemon_657.png,#006ba6,7852,1364
658,pokemon_658.png,#2e4999,7152,2064
659,pokemon_659.png,#bfbfbf,8080,1136
660,pokemon_660.png,#8a6239,6583,2633
661,pokemon_661.png,#101010,8575,641
662,pokemon_662.png,#ffcd39,7960,1256
663,pokemon_663.png,#b3b3b3,6856,2360
664,pokemon_664.png,#747474,8569,647
665,pokemon_665.png,#f8f8f8,8388,828
666,pokemon_666.png,#df6fa4,6980,2236
667,pokemon_667.png,#70655d,8092,1124
668,pokemon_668.png,#dc3a2f,6766,2450
669,pokemon_669.png,#ef6f6f,8099,1117
670,pokemon_670.png,#101010,8263,953
671,pokemon_671.png,#50996f,7260,1956
672,pokemon_672.png,#998673,7987,1229
673,pokemon_673.png,#101010,7190,2026
674,pokemon_674.png,#ffffd9,8449,767
675,pokemon_675.png,#737380,5878,3338
676,pokemon_676.png,#efeeda,7492,1724
677,pokemon_677.png,#b8b8cc,8448,768
678,pokemon_679.png,#316b9f,8090,1126
679,pokemon_680.png,#101010,7676,1540
680,pokemon_681.png,#796caf,7311,1905
681,pokemon_682.png,#ff99b3,8414,802
682,pokemon_683.png,#ff99b3,7538,1678
683,pokemon_684.png,#fff2f2,8337,879
684,pokemon_685.png,#ffccd9,7781,1435
685,pokemon_686.png,#f8f8f8,8146,1070
686,pokemon_687.png,#5c81cc,6244,2972
687,pokemon_688.png,#6c7795,7936,1280
688,pokemon_689.png,#c2c8d6,6334,2882
689,pokemon_690.png,#a6703a,8494,722
690,pokemon_691.png,#8b5737,6879,2337
691,pokemon_692.png,#61daf2,8293,923
692,pokemon_693.png,#4595e5,6044,3172
693,pokemon_694.png,#101010,8463,753
694,pokemon_695.png,#ffde3a,7668,1548
695,pokemon_696.png,#966858,7668,1548
696,pokemon_697.png,#963e4e,5898,3318
697,pokemon_698.png,#a6e1ff,8244,972
698,pokemon_699.png,#81a0dc,6316,2900
699,pokemon_700.png,#fff5f5,7837,1379
700,pokemon_701.png,#3d997a,7295,1921
701,pokemon_702.png,#f2c261,8345,871
702,pokemon_703.png,#8f8fb3,8336,880
703,pokemon_704.png,#f2daf2,8585,631
704,pokemon_705.png,#f2daf2,8061,1155
705,pokemon_706.png,#e6d4e7,6824,2392
706,pokemon_707.png,#101010,7886,1330
707,pokemon_708.png,#a87651,8393,823
708,pokemon_709.png,#a37a4c,6000,3216
709,pokemon_710.png,#664e42,8404,812
710,pokemon_711.png,#f49670,7025,2191
711,pokemon_712.png,#b3eaf8,8310,906
712,pokemon_713.png,#bff4ff,5951,3265
713,pokemon_714.png,#85489b,7809,1407
714,pokemon_715.png,#575757,5308,3908
715,pokemon_716.png,#4a4a4a,6633,2583
716,pokemon_717.png,#282d31,5068,4148
717,pokemon_718.png,#605860,6204,3012
718,pokemon_719.png,#b3a1b3,7616,1600
719,pokemon_720.png,#dadaf2,7949,1267
720,pokemon_721.png,#e54545,5667,3549
721,pokemon_722.png,#f2c89d,8406,810
722,pokemon_723.png,#f8f8f8,7985,1231
723,pokemon_724.png,#01a87a,7150,2066
724,pokemon_725.png,#4c4c66,8204,1012
725,pokemon_726.png,#f26b30,7758,1458
726,pokemon_727.png,#f13521,6072,3144
727,pokemon_728.png,#436cbf,8339,877
728,pokemon_729.png,#1eb9ee,7956,1260
729,pokemon_730.png,#f8f8f8,6669,2547
730,pokemon_731.png,#101010,8636,580
731,pokemon_732.png,#645c57,8333,883
732,pokemon_733.png,#404040,7710,1506
733,pokemon_734.png,#ba836d,8092,1124
734,pokemon_735.png,#af754e,7488,1728
735,pokemon_736.png,#101010,8569,647
736,pokemon_737.png,#659954,8176,1040
737,pokemon_738.png,#fdfdfd,7227,1989
738,pokemon_739.png,#2db0f0,7494,1722
739,pokemon_740.png,#f8f8f8,4851,4365
740,pokemon_741.png,#f14b50,7864,1352
741,pokemon_742.png,#f8f8f8,8573,643
742,pokemon_743.png,#f8f8f8,8059,1157
743,pokemon_744.png,#dfab8c,8114,1102
744,pokemon_745.png,#c7b3a7,7219,1997
745,pokemon_746.png,#eeeeee,8682,534
746,pokemon_747.png,#9fd9d6,7735,1481
747,pokemon_748.png,#93d1d7,5989,3227
748,pokemon_749.png,#ae7760,7955,1261
749,pokemon_750.png,#444a54,6289,2927
750,pokemon_751.png,#e8e8ea,8386,830
751,pokemon_752.png,#b7d7e6,6739,2477
752,pokemon_753.png,#69bf94,8377,839
753,pokemon_754.png,#ff667f,7423,1793
754,pokemon_755.png,#f1b6c8,8584,632
755,pokemon_756.png,#97b371,6468,2748
756,pokemon_757.png,#6d6866,8027,1189
757,pokemon_758.png,#6d6866,7769,1447
758,pokemon_759.png,#ffa6b5,8274,942
759,pokemon_760.png,#595959,6845,2371
760,pokemon_761.png,#e55c8a,8462,754
761,pokemon_762.png,#96c853,7979,1237
762,pokemon_763.png,#96c853,6886,2330
763,pokemon_764.png,#101010,7789,1427
764,pokemon_765.png,#101010,6835,2381
765,pokemon_766.png,#3c3126,6959,2257
766,pokemon_767.png,#bed3cf,8294,922
767,pokemon_768.png,#c8e1cd,5500,3716
768,pokemon_769.png,#d9d1b8,8248,968
769,pokemon_770.png,#f2aa61,7029,2187
770,pokemon_771.png,#404040,8515,701
771,pokemon_772.png,#080808,6664,2552
772,pokemon_773.png,#e3e6ec,6757,2459
773,pokemon_774.png,#b4786b,8273,943
774,pokemon_775.png,#96bedd,8195,1021
775,pokemon_776.png,#e74545,6760,2456
776,pokemon_777.png,#f8f8f8,8289,927
777,pokemon_778.png,#f2e291,8361,855
778,pokemon_779.png,#ef87b5,8273,943
779,pokemon_780.png,#eeeeee,5932,3284
780,pokemon_781.png,#025a6a,6702,2514
781,pokemon_782.png,#dbdbdb,8196,1020
782,pokemon_783.png,#101010,7594,1622
783,pokemon_784.png,#a7a29e,5742,3474
784,pokemon_785.png,#ffea00,6548,2668
785,pokemon_786.png,#010101,7935,1281
786,pokemon_787.png,#010101,7004,2212
787,pokemon_788.png,#855ccf,7366,1850
788,pokemon_789.png,#169fda,8291,925
789,pokemon_790.png,#e8a61e,8205,1011
790,pokemon_791.png,#fbf7ee,5333,3883
791,pokemon_792.png,#45348e,4969,4247
792,pokemon_793.png,#c4d6da,7562,1654
793,pokemon_794.png,#ff2d32,4539,4677
794,pokemon_795.png,#d2cec4,5924,3292
795,pokemon_796.png,#101010,6591,2625
796,pokemon_797.png,#82ada4,4803,4413
797,pokemon_798.png,#fdfdfd,8089,1127
798,pokemon_799.png,#394f59,3765,5451
799,pokemon_800.png,#424a50,5897,3319
800,pokemon_801.png,#dac0c8,7659,1557
801,pokemon_802.png,#747778,8339,877
802,pokemon_803.png,#814eba,8278,938
803,pokemon_804.png,#793fbe,7180,2036
804,pokemon_805.png,#7b807a,4785,4431
805,pokemon_806.png,#fdfdfd,7714,1502
806,pokemon_807.png,#f9e455,7119,2097
807,pokemon_808.png,#ffda45,8479,737
808,pokemon_809.png,#59544e,4393,4823
809,pokemon_810.png,#87d751,8402,814
810,pokemon_811.png,#cbd94d,7829,1387
811,pokemon_812.png,#684440,5180,4036
812,pokemon_813.png,#f7f4f5,8381,835
813,pokemon_814.png,#e6e7dc,8022,1194
814,pokemon_815.png,#f8f8f8,7554,1662
815,pokemon_816.png,#6ab6d2,8332,884
816,pokemon_817.png,#31b5d0,8176,1040
817,pokemon_818.png,#101010,7647,1569
818,pokemon_819.png,#a78e78,8058,1158
819,pokemon_820.png,#d49f91,6011,3205
820,pokemon_821.png,#505038,8335,881
821,pokemon_822.png,#505038,6953,2263
822,pokemon_823.png,#434475,7333,1883
823,pokemon_824.png,#4e46ac,8613,603
824,pokemon_825.png,#fdda4d,7758,1458
825,pokemon_826.png,#fd2636,6921,2295
826,pokemon_827.png,#c4501e,7668,1548
827,pokemon_828.png,#c4501e,6796,2420
828,pokemon_829.png,#cf301f,7963,1253
829,pokemon_830.png,#fcf8e9,7260,1956
830,pokemon_831.png,#f7f1ec,8050,1166
831,pokemon_832.png,#f7f1ec,6170,3046
832,pokemon_833.png,#7ddaca,8356,860
833,pokemon_834.png,#4da49b,6979,2237
834,pokemon_835.png,#f7da11,8123,1093
835,pokemon_836.png,#5e7460,7187,2029
836,pokemon_837.png,#514c49,7993,1223
837,pokemon_838.png,#54514c,7340,1876
838,pokemon_839.png,#54514c,5759,3457
839,pokemon_840.png,#e2244a,8449,767
840,pokemon_841.png,#ccb468,7512,1704
841,pokemon_842.png,#39a45f,6214,3002
842,pokemon_843.png,#cec29f,8150,1066
843,pokemon_844.png,#101010,6386,2830
844,pokemon_845.png,#1250a3,7410,1806
845,pokemon_846.png,#8a6842,8352,864
846,pokemon_847.png,#8a6842,7684,1532
847,pokemon_848.png,#9e30cd,8022,1194
848,pokemon_849.png,#8d4fae,7100,2116
849,pokemon_850.png,#ff5839,8084,1132
850,pokemon_851.png,#5b2f26,6791,2425
851,pokemon_852.png,#f8eee4,8158,1058
852,pokemon_853.png,#322c4e,7001,2215
853,pokemon_854.png,#9aedea,8414,802
854,pokemon_855.png,#9aedea,7304,1912
855,pokemon_856.png,#c8e9ff,8590,626
856,pokemon_857.png,#c8e9ff,7532,1684
857,pokemon_858.png,#c8e9ff,7143,2073
858,pokemon_859.png,#f589c2,7970,1246
859,pokemon_860.png,#f75c90,7480,1736
860,pokemon_861.png,#5d4694,5963,3253
861,pokemon_862.png,#474749,6550,2666
862,pokemon_863.png,#bfc1bf,7340,1876
863,pokemon_864.png,#f9f2fc,6540,2676
864,pokemon_865.png,#101010,6987,2229
865,pokemon_866.png,#575481,7569,1647
866,pokemon_867.png,#393941,6585,2631
867,pokemon_868.png,#f8f2af,8504,712
868,pokemon_869.png,#fde4d0,7827,1389
869,pokemon_870.png,#ffcd35,6931,2285
870,pokemon_871.png,#665272,8476,740
871,pokemon_872.png,#edeae0,8633,583
872,pokemon_873.png,#e7e0e6,6597,2619
873,pokemon_874.png,#b0b7a7,6201,3015
874,pokemon_875.png,#bbede3,6717,2499
875,pokemon_876.png,#4d447e,8109,1107
876,pokemon_877.png,#6c6c6c,8364,852
877,pokemon_878.png,#d55139,7322,1894
878,pokemon_879.png,#224236,5257,3959
879,pokemon_880.png,#ffff84,6055,3161
880,pokemon_881.png,#9ab8ba,6344,2872
881,pokemon_882.png,#83bbed,6329,2887
882,pokemon_883.png,#83bbed,5950,3266
883,pokemon_884.png,#c4bac5,6841,2375
884,pokemon_885.png,#5f875a,8317,899
885,pokemon_886.png,#7fb3b1,7354,1862
886,pokemon_887.png,#48a9b0,6363,2853
887,pokemon_888.png,#4999da,5926,3290
888,pokemon_889.png,#eb363a,5722,3494
889,pokemon_890.png,#010101,5937,3279
890,pokemon_891.png,#d8d1cb,7990,1226
891,pokemon_892.png,#8d8c8e,6135,3081
892,pokemon_893.png,#494d4e,6461,2755
893,pokemon_894.png,#e5ee1a,6465,2751
894,pokemon_895.png,#4b6f78,6152,3064
895,pokemon_896.png,#eeeef2,6949,2267
896,pokemon_897.png,#101010,6705,2511
897,pokemon_898.png,#007766,6784,2432
898,pokemon_899.png,#101010,6729,2487
899,pokemon_900.png,#4d3d3e,6747,2469
900,pokemon_901.png,#77655b,6042,3174
901,pokemon_902.png,#fa507e,6970,2246
902,pokemon_903.png,#9ebade,7422,1794
903,pokemon_904.png,#c8b48a,6054,3162
904,pokemon_905.png,#ffffff,6889,2327
905,pokemon_906.png,#aab88f,8253,963
906,pokemon_907.png,#d6efc0,7959,1257
907,pokemon_908.png,#e9f9dc,7201,2015
908,pokemon_909.png,#ef4f3d,8186,1030
909,pokemon_910.png,#fe9827,7475,1741
910,pokemon_911.png,#9fa0a2,6579,2637
911,pokemon_912.png,#2fbee8,8214,1002
912,pokemon_913.png,#1e7cd3,8092,1124
913,pokemon_914.png,#333f93,7352,1864
914,pokemon_915.png,#525453,8378,838
915,pokemon_916.png,#605668,7545,1671
916,pokemon_917.png,#e4e5e4,8112,1104
917,pokemon_918.png,#6a9428,7735,1481
918,pokemon_919.png,#63738c,8463,753
919,pokemon_920.png,#3c393c,7795,1421
920,pokemon_921.png,#eb7823,8040,1176
921,pokemon_922.png,#ffc060,7765,1451
922,pokemon_923.png,#e99c00,7337,1879
923,pokemon_924.png,#f9f9f9,7413,1803
924,pokemon_925.png,#f9f9f9,7129,2087
925,pokemon_926.png,#d9cb9d,7961,1255
926,pokemon_927.png,#cb5d2f,7151,2065
927,pokemon_928.png,#cde961,8642,574
928,pokemon_929.png,#65c93a,8036,1180
929,pokemon_930.png,#65c93a,7271,1945
930,pokemon_931.png,#101010,8206,1010
931,pokemon_932.png,#c0937c,8635,581
932,pokemon_933.png,#c3927b,8168,1048
933,pokemon_934.png,#fcfcfc,6628,2588
934,pokemon_935.png,#e42212,8456,760
935,pokemon_936.png,#e42212,7203,2013
936,pokemon_937.png,#343467,7178,2038
937,pokemon_938.png,#7e736d,8793,423
938,pokemon_939.png,#20b799,7321,1895
939,pokemon_940.png,#3f424d,8438,778
940,pokemon_941.png,#ffcd37,7999,1217
941,pokemon_942.png,#c37370,8050,1166
942,pokemon_943.png,#847568,6995,2221
943,pokemon_944.png,#4d4b5f,8737,479
944,pokemon_945.png,#403f4f,7395,1821
945,pokemon_946.png,#151515,8368,848
946,pokemon_947.png,#0f0f0f,7865,1351
947,pokemon_948.png,#e79e93,8332,884
948,pokemon_949.png,#101010,7213,2003
949,pokemon_950.png,#edcc9e,7717,1499
950,pokemon_951.png,#79b97b,8454,762
951,pokemon_952.png,#0f0f0f,7335,1881
952,pokemon_953.png,#9e8461,7944,1272
953,pokemon_954.png,#e310fb,7435,1781
954,pokemon_955.png,#ffd11c,8476,740
955,pokemon_956.png,#ffbd63,7146,2070
956,pokemon_957.png,#ec558c,8561,655
957,pokemon_958.png,#0f0f0f,8196,1020
958,pokemon_959.png,#897194,6540,2676
959,pokemon_960.png,#b8a7ad,8718,498
960,pokemon_961.png,#da3657,7281,1935
961,pokemon_962.png,#0f0f0f,7232,1984
962,pokemon_963.png,#52cadb,8219,997
963,pokemon_964.png,#52cadb,8217,999
964,pokemon_965.png,#c3c1c3,8383,833
965,pokemon_966.png,#0f0f0f,7204,2012
966,pokemon_967.png,#607d6d,7261,1955
967,pokemon_968.png,#f7645a,7933,1283
968,pokemon_969.png,#8475a7,8700,516
969,pokemon_970.png,#3253d6,7670,1546
970,pokemon_971.png,#8793a3,7655,1561
971,pokemon_972.png,#c7c5cd,7135,2081
972,pokemon_973.png,#fa789a,8381,835
973,pokemon_974.png,#efefef,7908,1308
974,pokemon_975.png,#fefefe,6793,2423
975,pokemon_976.png,#adaead,8265,951
976,pokemon_977.png,#e0e0e0,6192,3024
977,pokemon_978.png,#ff692f,8542,674
978,pokemon_979.png,#9e9bac,6911,2305
979,pokemon_980.png,#635655,7627,1589
980,pokemon_981.png,#0f0f0f,7308,1908
981,pokemon_982.png,#f6e67b,8040,1176
982,pokemon_983.png,#101010,6469,2747
983,pokemon_984.png,#3d3359,6562,2654
984,pokemon_985.png,#f2c6de,8009,1207
985,pokemon_986.png,#8bf18b,6535,2681
986,pokemon_987.png,#4a83a4,7615,1601
987,pokemon_988.png,#f04137,6820,2396
988,pokemon_989.png,#0f0f0f,6668,2548
989,pokemon_990.png,#3f3137,6842,2374
990,pokemon_991.png,#fcfcfc,7649,1567
991,pokemon_992.png,#fcd216,5241,3975
992,pokemon_993.png,#282828,6448,2768
993,pokemon_994.png,#f29c46,6036,3180
994,pokemon_995.png,#99c350,6478,2738
995,pokemon_996.png,#8f99a3,8391,825
996,pokemon_997.png,#4b7a9a,7829,1387
997,pokemon_998.png,#3e5160,6280,2936
998,pokemon_999.png,#836c54,6542,2674
999,pokemon_1000.png,#ffd52d,7645,1571
